TagIndex	Scan	RetentionTime	ProteoformIndex	ProteinAccession	ProteinDescription	TagSequence	Nmass	Cmass	StartPosition	DeltaMass	Length	DeNovoScore	Masses	MassScores
15	1	0.498524	0;1;3	SigmaMabH;sp|P0DOX5|IGG1_HUMAN;NIST	Heavy Chain;Immunoglobulin gamma-1 heavy chain OS=Homo sapiens OX=9606 PE=1 SV=2;mAbHeavy Chain	STSGGT	14542.283697	-1.000000	138;136;137	14.978779;-227.087679;-445.258781	6	44	15032.580362,14931.537078,14874.543129,14817.470017,14730.414499,14629.446400,14542.283697,	6,6,7,7,7,6,5,
36	1	0.498524	0;1;3	SigmaMabH;sp|P0DOX5|IGG1_HUMAN;NIST	Heavy Chain;Immunoglobulin gamma-1 heavy chain OS=Homo sapiens OX=9606 PE=1 SV=2;mAbHeavy Chain	WGQGT	11853.974956	-1.000000	111;109;110	15.028188;-244.994690;-475.202177	5	43	12383.098233,12282.080249,12225.053653,12097.016351,12040.030263,11853.974956,	7,7,7,7,8,7,
44	1	0.498524	0;1;3	SigmaMabH;sp|P0DOX5|IGG1_HUMAN;NIST	Heavy Chain;Immunoglobulin gamma-1 heavy chain OS=Homo sapiens OX=9606 PE=1 SV=2;mAbHeavy Chain	TVSSA	12613.350679	-1.000000	118;116;117	15.066513;-226.999945;-445.171047	5	38	13041.603979,12987.484989,12900.528328,12813.547217,12714.448780,12613.350679,	6,7,7,6,5,7,
45	1	0.498524	0;1;3	SigmaMabH;sp|P0DOX5|IGG1_HUMAN;NIST	Heavy Chain;Immunoglobulin gamma-1 heavy chain OS=Homo sapiens OX=9606 PE=1 SV=2;mAbHeavy Chain	TVSSA	12613.282767	-1.000000	118;116;117	14.998601;-227.067856;-445.238958	5	38	13041.603979,12987.484989,12900.528328,12813.547217,12714.448780,12613.282767,	6,7,7,6,5,7,
50	1	0.498524	0;1;3	SigmaMabH;sp|P0DOX5|IGG1_HUMAN;NIST	Heavy Chain;Immunoglobulin gamma-1 heavy chain OS=Homo sapiens OX=9606 PE=1 SV=2;mAbHeavy Chain	TSGGT	14629.446400	-1.000000	139;137;138	15.109452;-226.957005;-445.128107	5	39	15032.580362,14931.537078,14874.543129,14817.470017,14730.414499,14629.446400,	6,6,7,7,7,6,
71	1	0.498524	0;1;3	SigmaMabH;sp|P0DOX5|IGG1_HUMAN;NIST	Heavy Chain;Immunoglobulin gamma-1 heavy chain OS=Homo sapiens OX=9606 PE=1 SV=2;mAbHeavy Chain	STSGG	14542.283697	-1.000000	138;136;137	14.978779;-227.087679;-445.258781	5	38	14931.537078,14874.543129,14817.470017,14730.414499,14629.446400,14542.283697,	6,7,7,7,6,5,
131	1	0.498524	2	SigmaMabL	Light Chain	DRFSG	6427.126294	-1.000000	62	20.972333	5	36	6989.396496,6932.361381,6845.283775,6698.261114,6542.143343,6427.126294,	6,5,6,5,7,7,
164	1	0.498524	0;1;3	SigmaMabH;sp|P0DOX5|IGG1_HUMAN;NIST	Heavy Chain;Immunoglobulin gamma-1 heavy chain OS=Homo sapiens OX=9606 PE=1 SV=2;mAbHeavy Chain	WGQG	11853.974956	-1.000000	111;109;110	15.028188;-244.994690;-475.202177	4	36	12282.080249,12225.053653,12097.016351,12040.030263,11853.974956,	7,7,7,8,7,
169	1	0.498524	0	SigmaMabH	Heavy Chain	VSSA	12714.448780	-1.000000	119	15.116935	4	31	13041.603979,12987.484989,12900.528328,12813.547217,12714.448780,	6,7,7,6,5,
179	1	0.498524	0;1;3	SigmaMabH;sp|P0DOX5|IGG1_HUMAN;NIST	Heavy Chain;Immunoglobulin gamma-1 heavy chain OS=Homo sapiens OX=9606 PE=1 SV=2;mAbHeavy Chain	TVSS	12613.350679	-1.000000	118;116;117	15.066513;-226.999945;-445.171047	4	32	12987.484989,12900.528328,12813.547217,12714.448780,12613.350679,	7,7,6,5,7,
180	1	0.498524	0;1;3	SigmaMabH;sp|P0DOX5|IGG1_HUMAN;NIST	Heavy Chain;Immunoglobulin gamma-1 heavy chain OS=Homo sapiens OX=9606 PE=1 SV=2;mAbHeavy Chain	TVSS	12613.282767	-1.000000	118;116;117	14.998601;-227.067856;-445.238958	4	32	12987.484989,12900.528328,12813.547217,12714.448780,12613.282767,	7,7,6,5,7,
181	1	0.498524	0	SigmaMabH	Heavy Chain	TVSS	12596.295646	-1.000000	118	-1.988520	4	30	12987.484989,12900.528328,12813.547217,12697.394602,12596.295646,	7,7,6,5,5,
195	1	0.498524	0;1;3	SigmaMabH;sp|P0DOX5|IGG1_HUMAN;NIST	Heavy Chain;Immunoglobulin gamma-1 heavy chain OS=Homo sapiens OX=9606 PE=1 SV=2;mAbHeavy Chain	TSGG	14629.446400	-1.000000	139;137;138	15.109452;-226.957005;-445.128107	4	33	14931.537078,14874.543129,14817.470017,14730.414499,14629.446400,	6,7,7,7,6,
202	1	0.498524	5	sp|P37095|PEPB_ECOLI	Peptidase B OS=Escherichia coli (strain K12) OX=83333 GN=pepB PE=1 SV=2	TLST	-1.000000	14629.446400	8	-30297.216026	4	30	14629.446400,14730.414499,14817.470017,14930.624645,15031.591046,	6,7,7,5,5,
204	1	0.498524	7	sp|P17334|PTQC_ECOLI	PTS system N,N'-diacetylchitobiose-specific EIIC component OS=Escherichia coli (strain K12) OX=83333 GN=chbC PE=1 SV=2	TIST	-1.000000	14629.446400	221	-9794.675452	4	30	14629.446400,14730.414499,14817.470017,14930.624645,15031.591046,	6,7,7,5,5,
225	1	0.498524	2	SigmaMabL	Light Chain	SVSG	881.473779	-1.000000	9	0.001860	4	40	1211.622894,1154.605686,1067.573045,968.504209,881.473779,	8,8,8,8,8,
226	1	0.498524	2	SigmaMabL	Light Chain	SVSG	881.468212	-1.000000	9	-0.003707	4	39	1211.622894,1154.605686,1067.573045,968.504209,881.468212,	8,8,8,8,7,
232	1	0.498524	0;1;3	SigmaMabH;sp|P0DOX5|IGG1_HUMAN;NIST	Heavy Chain;Immunoglobulin gamma-1 heavy chain OS=Homo sapiens OX=9606 PE=1 SV=2;mAbHeavy Chain	STSG	14542.283697	-1.000000	138;136;137	14.978779;-227.087679;-445.258781	4	32	14874.543129,14817.470017,14730.414499,14629.446400,14542.283697,	7,7,7,6,5,
249	1	0.498524	0;1;3	SigmaMabH;sp|P0DOX5|IGG1_HUMAN;NIST	Heavy Chain;Immunoglobulin gamma-1 heavy chain OS=Homo sapiens OX=9606 PE=1 SV=2;mAbHeavy Chain	SGGT	14730.414499	-1.000000	140;138;139	15.029872;-227.036586;-445.207688	4	33	15032.580362,14931.537078,14874.543129,14817.470017,14730.414499,	6,6,7,7,7,
260	1	0.498524	2	SigmaMabL	Light Chain	RFSG	6542.143343	-1.000000	63	20.962437	4	29	6989.396496,6932.361381,6845.283775,6698.261114,6542.143343,	6,5,6,5,7,
325	1	0.498524	4	sp|P0CG18|RNPH_ECOBW	Ribonuclease PH OS=Escherichia coli (strain K12 / MC4100 / BW2952) OX=595496 GN=rph PE=1 SV=1	GQGW	-1.000000	11853.974956	55	-7097.808250	4	36	11853.974956,12040.030263,12097.016351,12225.053653,12282.080249,	7,8,7,7,7,
326	1	0.498524	0;1;3	SigmaMabH;sp|P0DOX5|IGG1_HUMAN;NIST	Heavy Chain;Immunoglobulin gamma-1 heavy chain OS=Homo sapiens OX=9606 PE=1 SV=2;mAbHeavy Chain	GQGT	12040.030263	-1.000000	112;110;111	15.004181;-245.018696;-475.226184	4	36	12383.098233,12282.080249,12225.053653,12097.016351,12040.030263,	7,7,7,7,8,
334	1	0.498524	6	sp|P37326|INTS_ECOLI	Prophage integrase IntS OS=Escherichia coli (strain K12) OX=83333 GN=intS PE=1 SV=1	GGSV	-1.000000	968.504209	353	-2779.278533	4	39	968.504209,1067.573045,1154.605686,1211.622894,1251.608070,	8,8,8,8,7,
370	1	0.498524	2	SigmaMabL	Light Chain	DRFS	6427.126294	-1.000000	62	20.972333	4	30	6932.361381,6845.283775,6698.261114,6542.143343,6427.126294,	5,6,5,7,7,
0	1	0.498524				YGSLNSE	-1.000000	607.331343			7	61	607.331343,736.373037,823.405393,937.452142,1067.573045,1154.605686,1211.622894,1374.684310,	8,8,8,8,8,8,8,5,
1	1	0.498524				YGSINSE	-1.000000	607.331343			7	61	607.331343,736.373037,823.405393,937.452142,1067.573045,1154.605686,1211.622894,1374.684310,	8,8,8,8,8,8,8,5,
2	1	0.498524				ESNLSGY	607.331343	-1.000000			7	61	1374.684310,1211.622894,1154.605686,1067.573045,937.452142,823.405393,736.373037,607.331343,	5,8,8,8,8,8,8,8,
3	1	0.498524				ESNISGY	607.331343	-1.000000			7	61	1374.684310,1211.622894,1154.605686,1067.573045,937.452142,823.405393,736.373037,607.331343,	5,8,8,8,8,8,8,8,
4	1	0.498524				YGSLNS	-1.000000	736.373037			6	53	736.373037,823.405393,937.452142,1067.573045,1154.605686,1211.622894,1374.684310,	8,8,8,8,8,8,5,
5	1	0.498524				YGSINS	-1.000000	736.373037			6	53	736.373037,823.405393,937.452142,1067.573045,1154.605686,1211.622894,1374.684310,	8,8,8,8,8,8,5,
6	1	0.498524				TVSAAS	12613.350679	-1.000000			6	44	13146.485626,13059.489115,12988.474668,12900.528328,12813.547217,12714.448780,12613.350679,	5,7,7,7,6,5,7,
7	1	0.498524				TVSAAS	12613.282767	-1.000000			6	44	13146.485626,13059.489115,12988.474668,12900.528328,12813.547217,12714.448780,12613.282767,	5,7,7,7,6,5,7,
8	1	0.498524				TSLNSE	-1.000000	607.331343			6	53	607.331343,736.373037,823.405393,937.452142,1067.573045,1154.605686,1255.648786,	8,8,8,8,8,8,5,
9	1	0.498524				TSINSE	-1.000000	607.331343			6	53	607.331343,736.373037,823.405393,937.452142,1067.573045,1154.605686,1255.648786,	8,8,8,8,8,8,5,
10	1	0.498524				TGGSTS	-1.000000	14542.283697			6	44	14542.283697,14629.446400,14730.414499,14817.470017,14874.543129,14931.537078,15032.580362,	5,6,7,7,7,6,6,
11	1	0.498524				SVSGYP	881.473779	-1.000000			6	51	1488.758487,1374.684310,1211.622894,1154.605686,1067.573045,968.504209,881.473779,	6,5,8,8,8,8,8,
12	1	0.498524				SVSGYP	881.468212	-1.000000			6	50	1488.758487,1374.684310,1211.622894,1154.605686,1067.573045,968.504209,881.468212,	6,5,8,8,8,8,7,
13	1	0.498524				SVSGYE	881.473779	-1.000000			6	50	1520.764457,1374.684310,1211.622894,1154.605686,1067.573045,968.504209,881.473779,	5,5,8,8,8,8,8,
14	1	0.498524				SVSGYE	881.468212	-1.000000			6	49	1520.764457,1374.684310,1211.622894,1154.605686,1067.573045,968.504209,881.468212,	5,5,8,8,8,8,7,
16	1	0.498524				SNLSGY	736.373037	-1.000000			6	53	1374.684310,1211.622894,1154.605686,1067.573045,937.452142,823.405393,736.373037,	5,8,8,8,8,8,8,
17	1	0.498524				SNISGY	736.373037	-1.000000			6	53	1374.684310,1211.622894,1154.605686,1067.573045,937.452142,823.405393,736.373037,	5,8,8,8,8,8,8,
18	1	0.498524				SAASVT	-1.000000	12613.350679			6	44	12613.350679,12714.448780,12813.547217,12900.528328,12988.474668,13059.489115,13146.485626,	7,5,6,7,7,7,5,
19	1	0.498524				SAASVT	-1.000000	12613.282767			6	44	12613.282767,12714.448780,12813.547217,12900.528328,12988.474668,13059.489115,13146.485626,	7,5,6,7,7,7,5,
20	1	0.498524				PYGSVS	-1.000000	881.473779			6	51	881.473779,968.504209,1067.573045,1154.605686,1211.622894,1374.684310,1488.758487,	8,8,8,8,8,5,6,
21	1	0.498524				PYGSVS	-1.000000	881.468212			6	50	881.468212,968.504209,1067.573045,1154.605686,1211.622894,1374.684310,1488.758487,	7,8,8,8,8,5,6,
22	1	0.498524				GSLNSE	-1.000000	607.331343			6	56	607.331343,736.373037,823.405393,937.452142,1067.573045,1154.605686,1211.622894,	8,8,8,8,8,8,8,
23	1	0.498524				GSINSE	-1.000000	607.331343			6	56	607.331343,736.373037,823.405393,937.452142,1067.573045,1154.605686,1211.622894,	8,8,8,8,8,8,8,
24	1	0.498524				EYGSVS	-1.000000	881.473779			6	50	881.473779,968.504209,1067.573045,1154.605686,1211.622894,1374.684310,1520.764457,	8,8,8,8,8,5,5,
25	1	0.498524				EYGSVS	-1.000000	881.468212			6	49	881.468212,968.504209,1067.573045,1154.605686,1211.622894,1374.684310,1520.764457,	7,8,8,8,8,5,5,
26	1	0.498524				ESNLST	607.331343	-1.000000			6	53	1255.648786,1154.605686,1067.573045,937.452142,823.405393,736.373037,607.331343,	5,8,8,8,8,8,8,
27	1	0.498524				ESNLSG	607.331343	-1.000000			6	56	1211.622894,1154.605686,1067.573045,937.452142,823.405393,736.373037,607.331343,	8,8,8,8,8,8,8,
28	1	0.498524				ESNIST	607.331343	-1.000000			6	53	1255.648786,1154.605686,1067.573045,937.452142,823.405393,736.373037,607.331343,	5,8,8,8,8,8,8,
29	1	0.498524				ESNISG	607.331343	-1.000000			6	56	1211.622894,1154.605686,1067.573045,937.452142,823.405393,736.373037,607.331343,	8,8,8,8,8,8,8,
30	1	0.498524				YGSVS	-1.000000	881.473779			5	45	881.473779,968.504209,1067.573045,1154.605686,1211.622894,1374.684310,	8,8,8,8,8,5,
31	1	0.498524				YGSVS	-1.000000	881.468212			5	44	881.468212,968.504209,1067.573045,1154.605686,1211.622894,1374.684310,	7,8,8,8,8,5,
32	1	0.498524				YGSVF	-1.000000	838.466182			5	44	838.466182,968.504209,1067.573045,1154.605686,1211.622894,1374.684310,	7,8,8,8,8,5,
33	1	0.498524				YGSVD	-1.000000	836.450626			5	42	836.450626,968.504209,1067.573045,1154.605686,1211.622894,1374.684310,	5,8,8,8,8,5,
34	1	0.498524				YGSLN	-1.000000	823.405393			5	45	823.405393,937.452142,1067.573045,1154.605686,1211.622894,1374.684310,	8,8,8,8,8,5,
35	1	0.498524				YGSIN	-1.000000	823.405393			5	45	823.405393,937.452142,1067.573045,1154.605686,1211.622894,1374.684310,	8,8,8,8,8,5,
37	1	0.498524				WGKGT	11853.974956	-1.000000			5	43	12383.098233,12282.080249,12225.053653,12097.016351,12040.030263,11853.974956,	7,7,7,7,8,7,
38	1	0.498524				WDSGT	11853.974956	-1.000000			5	41	12383.098233,12282.080249,12225.053653,12137.913250,12040.030263,11853.974956,	7,7,7,5,8,7,
39	1	0.498524				VSGYP	968.504209	-1.000000			5	43	1488.758487,1374.684310,1211.622894,1154.605686,1067.573045,968.504209,	6,5,8,8,8,8,
40	1	0.498524				VSGYE	968.504209	-1.000000			5	42	1520.764457,1374.684310,1211.622894,1154.605686,1067.573045,968.504209,	5,5,8,8,8,8,
41	1	0.498524				VSAAS	12714.448780	-1.000000			5	37	13146.485626,13059.489115,12988.474668,12900.528328,12813.547217,12714.448780,	5,7,7,7,6,5,
42	1	0.498524				TWAAS	12613.350679	-1.000000			5	38	13146.485626,13059.489115,12988.474668,12900.428947,12714.448780,12613.350679,	5,7,7,7,5,7,
43	1	0.498524				TWAAS	12613.282767	-1.000000			5	38	13146.485626,13059.489115,12988.474668,12900.428947,12714.448780,12613.282767,	5,7,7,7,5,7,
46	1	0.498524				TVSAA	12613.350679	-1.000000			5	39	13059.489115,12988.474668,12900.528328,12813.547217,12714.448780,12613.350679,	7,7,7,6,5,7,
47	1	0.498524				TVSAA	12613.282767	-1.000000			5	39	13059.489115,12988.474668,12900.528328,12813.547217,12714.448780,12613.282767,	7,7,7,6,5,7,
48	1	0.498524				TSLNS	-1.000000	736.373037			5	45	736.373037,823.405393,937.452142,1067.573045,1154.605686,1255.648786,	8,8,8,8,8,5,
49	1	0.498524				TSINS	-1.000000	736.373037			5	45	736.373037,823.405393,937.452142,1067.573045,1154.605686,1255.648786,	8,8,8,8,8,5,
51	1	0.498524				TPSTS	-1.000000	14542.283697			5	37	14542.283697,14629.446400,14730.414499,14817.470017,14931.537078,15032.580362,	5,6,7,7,6,6,
52	1	0.498524				TNSTS	-1.000000	14542.283697			5	37	14542.283697,14629.446400,14730.414499,14817.470017,14931.537078,15032.580362,	5,6,7,7,6,6,
53	1	0.498524				TMSTS	-1.000000	14542.283697			5	37	14542.283697,14629.446400,14730.414499,14817.470017,14931.537078,15032.580362,	5,6,7,7,6,6,
54	1	0.498524				TLSTS	-1.000000	14542.283697			5	35	14542.283697,14629.446400,14730.414499,14817.470017,14930.624645,15031.591046,	5,6,7,7,5,5,
55	1	0.498524				TISTS	-1.000000	14542.283697			5	35	14542.283697,14629.446400,14730.414499,14817.470017,14930.624645,15031.591046,	5,6,7,7,5,5,
56	1	0.498524				TGSDW	-1.000000	11853.974956			5	41	11853.974956,12040.030263,12137.913250,12225.053653,12282.080249,12383.098233,	7,8,5,7,7,7,
57	1	0.498524				TGQGW	-1.000000	11853.974956			5	43	11853.974956,12040.030263,12097.016351,12225.053653,12282.080249,12383.098233,	7,8,7,7,7,7,
58	1	0.498524				TGKGW	-1.000000	11853.974956			5	43	11853.974956,12040.030263,12097.016351,12225.053653,12282.080249,12383.098233,	7,8,7,7,7,7,
59	1	0.498524				TGGST	-1.000000	14629.446400			5	39	14629.446400,14730.414499,14817.470017,14874.543129,14931.537078,15032.580362,	6,7,7,7,6,6,
60	1	0.498524				TGGCT	-1.000000	14630.373742			5	38	14630.373742,14731.568615,14817.470017,14874.543129,14931.537078,15032.580362,	6,6,7,7,6,6,
61	1	0.498524				TCGGT	14630.373742	-1.000000			5	38	15032.580362,14931.537078,14874.543129,14817.470017,14731.568615,14630.373742,	6,6,7,7,6,6,
62	1	0.498524				SVSGY	881.473779	-1.000000			5	45	1374.684310,1211.622894,1154.605686,1067.573045,968.504209,881.473779,	5,8,8,8,8,8,
63	1	0.498524				SVSGY	881.468212	-1.000000			5	44	1374.684310,1211.622894,1154.605686,1067.573045,968.504209,881.468212,	5,8,8,8,8,7,
64	1	0.498524				SVSGG	881.473779	-1.000000			5	47	1251.608070,1211.622894,1154.605686,1067.573045,968.504209,881.473779,	7,8,8,8,8,8,
65	1	0.498524				SVSGG	881.468212	-1.000000			5	46	1251.608070,1211.622894,1154.605686,1067.573045,968.504209,881.468212,	7,8,8,8,8,7,
66	1	0.498524				STSPT	14542.283697	-1.000000			5	37	15032.580362,14931.537078,14817.470017,14730.414499,14629.446400,14542.283697,	6,6,7,7,6,5,
67	1	0.498524				STSNT	14542.283697	-1.000000			5	37	15032.580362,14931.537078,14817.470017,14730.414499,14629.446400,14542.283697,	6,6,7,7,6,5,
68	1	0.498524				STSMT	14542.283697	-1.000000			5	37	15032.580362,14931.537078,14817.470017,14730.414499,14629.446400,14542.283697,	6,6,7,7,6,5,
69	1	0.498524				STSLT	14542.283697	-1.000000			5	35	15031.591046,14930.624645,14817.470017,14730.414499,14629.446400,14542.283697,	5,5,7,7,6,5,
70	1	0.498524				STSIT	14542.283697	-1.000000			5	35	15031.591046,14930.624645,14817.470017,14730.414499,14629.446400,14542.283697,	5,5,7,7,6,5,
72	1	0.498524				SNLST	736.373037	-1.000000			5	45	1255.648786,1154.605686,1067.573045,937.452142,823.405393,736.373037,	5,8,8,8,8,8,
73	1	0.498524				SNLSG	736.373037	-1.000000			5	48	1211.622894,1154.605686,1067.573045,937.452142,823.405393,736.373037,	8,8,8,8,8,8,
74	1	0.498524				SNIST	736.373037	-1.000000			5	45	1255.648786,1154.605686,1067.573045,937.452142,823.405393,736.373037,	5,8,8,8,8,8,
75	1	0.498524				SNISG	736.373037	-1.000000			5	48	1211.622894,1154.605686,1067.573045,937.452142,823.405393,736.373037,	8,8,8,8,8,8,
76	1	0.498524				SLNSE	-1.000000	607.331343			5	48	607.331343,736.373037,823.405393,937.452142,1067.573045,1154.605686,	8,8,8,8,8,8,
77	1	0.498524				SINSE	-1.000000	607.331343			5	48	607.331343,736.373037,823.405393,937.452142,1067.573045,1154.605686,	8,8,8,8,8,8,
78	1	0.498524				SHYSN	-1.000000	12558.107913			5	36	12558.107913,12689.169475,12776.263173,12922.413482,13059.489115,13146.485626,	7,6,5,6,7,5,
79	1	0.498524				SHYSM	-1.000000	12558.107913			5	36	12558.107913,12689.169475,12776.263173,12922.413482,13059.489115,13146.485626,	7,6,5,6,7,5,
80	1	0.498524				SHYSL	-1.000000	12576.184245			5	34	12576.184245,12689.169475,12776.263173,12922.413482,13059.489115,13146.485626,	5,6,5,6,7,5,
81	1	0.498524				SHYSL	-1.000000	12576.079064			5	36	12576.079064,12689.169475,12776.263173,12922.413482,13059.489115,13146.485626,	7,6,5,6,7,5,
82	1	0.498524				SHYSI	-1.000000	12576.184245			5	34	12576.184245,12689.169475,12776.263173,12922.413482,13059.489115,13146.485626,	5,6,5,6,7,5,
83	1	0.498524				SHYSI	-1.000000	12576.079064			5	36	12576.079064,12689.169475,12776.263173,12922.413482,13059.489115,13146.485626,	7,6,5,6,7,5,
84	1	0.498524				SHESN	-1.000000	12558.107913			5	36	12558.107913,12689.169475,12776.263173,12922.413482,13059.489115,13146.485626,	7,6,5,6,7,5,
85	1	0.498524				SHESM	-1.000000	12558.107913			5	36	12558.107913,12689.169475,12776.263173,12922.413482,13059.489115,13146.485626,	7,6,5,6,7,5,
86	1	0.498524				SHESL	-1.000000	12576.184245			5	34	12576.184245,12689.169475,12776.263173,12922.413482,13059.489115,13146.485626,	5,6,5,6,7,5,
87	1	0.498524				SHESL	-1.000000	12576.079064			5	36	12576.079064,12689.169475,12776.263173,12922.413482,13059.489115,13146.485626,	7,6,5,6,7,5,
88	1	0.498524				SHESI	-1.000000	12576.184245			5	34	12576.184245,12689.169475,12776.263173,12922.413482,13059.489115,13146.485626,	5,6,5,6,7,5,
89	1	0.498524				SHESI	-1.000000	12576.079064			5	36	12576.079064,12689.169475,12776.263173,12922.413482,13059.489115,13146.485626,	7,6,5,6,7,5,
90	1	0.498524				SHCFN	-1.000000	12558.107913			5	38	12558.107913,12689.169475,12836.324847,12922.413482,13059.489115,13146.485626,	7,6,7,6,7,5,
91	1	0.498524				SHCFM	-1.000000	12558.107913			5	38	12558.107913,12689.169475,12836.324847,12922.413482,13059.489115,13146.485626,	7,6,7,6,7,5,
92	1	0.498524				SHCFL	-1.000000	12576.184245			5	36	12576.184245,12689.169475,12836.324847,12922.413482,13059.489115,13146.485626,	5,6,7,6,7,5,
93	1	0.498524				SHCFL	-1.000000	12576.079064			5	38	12576.079064,12689.169475,12836.324847,12922.413482,13059.489115,13146.485626,	7,6,7,6,7,5,
94	1	0.498524				SHCFI	-1.000000	12576.184245			5	36	12576.184245,12689.169475,12836.324847,12922.413482,13059.489115,13146.485626,	5,6,7,6,7,5,
95	1	0.498524				SHCFI	-1.000000	12576.079064			5	38	12576.079064,12689.169475,12836.324847,12922.413482,13059.489115,13146.485626,	7,6,7,6,7,5,
96	1	0.498524				SAAWT	-1.000000	12613.350679			5	38	12613.350679,12714.448780,12900.428947,12988.474668,13059.489115,13146.485626,	7,5,7,7,7,5,
97	1	0.498524				SAAWT	-1.000000	12613.282767			5	38	12613.282767,12714.448780,12900.428947,12988.474668,13059.489115,13146.485626,	7,5,7,7,7,5,
98	1	0.498524				SAASV	-1.000000	12714.448780			5	37	12714.448780,12813.547217,12900.528328,12988.474668,13059.489115,13146.485626,	5,6,7,7,7,5,
99	1	0.498524				PYGSV	-1.000000	968.504209			5	43	968.504209,1067.573045,1154.605686,1211.622894,1374.684310,1488.758487,	8,8,8,8,5,6,
100	1	0.498524				NSYHS	12558.107913	-1.000000			5	36	13146.485626,13059.489115,12922.413482,12776.263173,12689.169475,12558.107913,	5,7,6,5,6,7,
101	1	0.498524				NSEHS	12558.107913	-1.000000			5	36	13146.485626,13059.489115,12922.413482,12776.263173,12689.169475,12558.107913,	5,7,6,5,6,7,
102	1	0.498524				NLSGY	823.405393	-1.000000			5	45	1374.684310,1211.622894,1154.605686,1067.573045,937.452142,823.405393,	5,8,8,8,8,8,
103	1	0.498524				NISGY	823.405393	-1.000000			5	45	1374.684310,1211.622894,1154.605686,1067.573045,937.452142,823.405393,	5,8,8,8,8,8,
104	1	0.498524				NFCHS	12558.107913	-1.000000			5	38	13146.485626,13059.489115,12922.413482,12836.324847,12689.169475,12558.107913,	5,7,6,7,6,7,
105	1	0.498524				MSYHS	12558.107913	-1.000000			5	36	13146.485626,13059.489115,12922.413482,12776.263173,12689.169475,12558.107913,	5,7,6,5,6,7,
106	1	0.498524				MSEHS	12558.107913	-1.000000			5	36	13146.485626,13059.489115,12922.413482,12776.263173,12689.169475,12558.107913,	5,7,6,5,6,7,
107	1	0.498524				MFCHS	12558.107913	-1.000000			5	38	13146.485626,13059.489115,12922.413482,12836.324847,12689.169475,12558.107913,	5,7,6,7,6,7,
108	1	0.498524				LSYHS	12576.184245	-1.000000			5	34	13146.485626,13059.489115,12922.413482,12776.263173,12689.169475,12576.184245,	5,7,6,5,6,5,
109	1	0.498524				LSYHS	12576.079064	-1.000000			5	36	13146.485626,13059.489115,12922.413482,12776.263173,12689.169475,12576.079064,	5,7,6,5,6,7,
110	1	0.498524				LSEHS	12576.184245	-1.000000			5	34	13146.485626,13059.489115,12922.413482,12776.263173,12689.169475,12576.184245,	5,7,6,5,6,5,
111	1	0.498524				LSEHS	12576.079064	-1.000000			5	36	13146.485626,13059.489115,12922.413482,12776.263173,12689.169475,12576.079064,	5,7,6,5,6,7,
112	1	0.498524				LFCHS	12576.184245	-1.000000			5	36	13146.485626,13059.489115,12922.413482,12836.324847,12689.169475,12576.184245,	5,7,6,7,6,5,
113	1	0.498524				LFCHS	12576.079064	-1.000000			5	38	13146.485626,13059.489115,12922.413482,12836.324847,12689.169475,12576.079064,	5,7,6,7,6,7,
114	1	0.498524				ISYHS	12576.184245	-1.000000			5	34	13146.485626,13059.489115,12922.413482,12776.263173,12689.169475,12576.184245,	5,7,6,5,6,5,
115	1	0.498524				ISYHS	12576.079064	-1.000000			5	36	13146.485626,13059.489115,12922.413482,12776.263173,12689.169475,12576.079064,	5,7,6,5,6,7,
116	1	0.498524				ISEHS	12576.184245	-1.000000			5	34	13146.485626,13059.489115,12922.413482,12776.263173,12689.169475,12576.184245,	5,7,6,5,6,5,
117	1	0.498524				ISEHS	12576.079064	-1.000000			5	36	13146.485626,13059.489115,12922.413482,12776.263173,12689.169475,12576.079064,	5,7,6,5,6,7,
118	1	0.498524				IFCHS	12576.184245	-1.000000			5	36	13146.485626,13059.489115,12922.413482,12836.324847,12689.169475,12576.184245,	5,7,6,7,6,5,
119	1	0.498524				IFCHS	12576.079064	-1.000000			5	38	13146.485626,13059.489115,12922.413482,12836.324847,12689.169475,12576.079064,	5,7,6,7,6,7,
120	1	0.498524				GSLNS	-1.000000	736.373037			5	48	736.373037,823.405393,937.452142,1067.573045,1154.605686,1211.622894,	8,8,8,8,8,8,
121	1	0.498524				GSINS	-1.000000	736.373037			5	48	736.373037,823.405393,937.452142,1067.573045,1154.605686,1211.622894,	8,8,8,8,8,8,
122	1	0.498524				GSFRD	-1.000000	6427.126294			5	36	6427.126294,6542.143343,6698.261114,6845.283775,6932.361381,6989.396496,	7,7,5,6,5,6,
123	1	0.498524				GGSVS	-1.000000	881.473779			5	47	881.473779,968.504209,1067.573045,1154.605686,1211.622894,1251.608070,	8,8,8,8,8,7,
124	1	0.498524				GGSVS	-1.000000	881.468212			5	46	881.468212,968.504209,1067.573045,1154.605686,1211.622894,1251.608070,	7,8,8,8,8,7,
125	1	0.498524				GGSTS	-1.000000	14542.283697			5	38	14542.283697,14629.446400,14730.414499,14817.470017,14874.543129,14931.537078,	5,6,7,7,7,6,
126	1	0.498524				FVSGY	838.466182	-1.000000			5	44	1374.684310,1211.622894,1154.605686,1067.573045,968.504209,838.466182,	5,8,8,8,8,7,
127	1	0.498524				EYGSV	-1.000000	968.504209			5	42	968.504209,1067.573045,1154.605686,1211.622894,1374.684310,1520.764457,	8,8,8,8,5,5,
128	1	0.498524				ESNLS	607.331343	-1.000000			5	48	1154.605686,1067.573045,937.452142,823.405393,736.373037,607.331343,	8,8,8,8,8,8,
129	1	0.498524				ESNIS	607.331343	-1.000000			5	48	1154.605686,1067.573045,937.452142,823.405393,736.373037,607.331343,	8,8,8,8,8,8,
130	1	0.498524				DVSGY	836.450626	-1.000000			5	42	1374.684310,1211.622894,1154.605686,1067.573045,968.504209,836.450626,	5,8,8,8,8,5,
132	1	0.498524				ASSVT	-1.000000	12613.350679			5	38	12613.350679,12714.448780,12813.547217,12900.528328,12987.484989,13041.603979,	7,5,6,7,7,6,
133	1	0.498524				ASSVT	-1.000000	12613.282767			5	38	12613.282767,12714.448780,12813.547217,12900.528328,12987.484989,13041.603979,	7,5,6,7,7,6,
134	1	0.498524				AASVT	-1.000000	12613.350679			5	39	12613.350679,12714.448780,12813.547217,12900.528328,12988.474668,13059.489115,	7,5,6,7,7,7,
135	1	0.498524				AASVT	-1.000000	12613.282767			5	39	12613.282767,12714.448780,12813.547217,12900.528328,12988.474668,13059.489115,	7,5,6,7,7,7,
136	1	0.498524				YYHS	12613.282767	-1.000000			4	30	13146.485626,13059.489115,12922.413482,12776.263173,12613.282767,	5,7,6,5,7,
137	1	0.498524				YSVT	-1.000000	12613.350679			4	30	12613.350679,12714.448780,12813.547217,12900.528328,13080.559179,	7,5,6,7,5,
138	1	0.498524				YSVT	-1.000000	12613.282767			4	30	12613.282767,12714.448780,12813.547217,12900.528328,13080.559179,	7,5,6,7,5,
139	1	0.498524				YQGW	-1.000000	11853.974956			4	35	11853.974956,12040.030263,12097.016351,12225.053653,12405.188880,	7,8,7,7,6,
140	1	0.498524				YKGW	-1.000000	11853.974956			4	35	11853.974956,12040.030263,12097.016351,12225.053653,12405.188880,	7,8,7,7,6,
141	1	0.498524				YGSV	-1.000000	968.504209			4	37	968.504209,1067.573045,1154.605686,1211.622894,1374.684310,	8,8,8,8,5,
142	1	0.498524				YGSL	-1.000000	937.452142			4	37	937.452142,1067.573045,1154.605686,1211.622894,1374.684310,	8,8,8,8,5,
143	1	0.498524				YGSI	-1.000000	937.452142			4	37	937.452142,1067.573045,1154.605686,1211.622894,1374.684310,	8,8,8,8,5,
144	1	0.498524				YEHS	12613.282767	-1.000000			4	30	13146.485626,13059.489115,12922.413482,12776.263173,12613.282767,	5,7,6,5,7,
145	1	0.498524				WPPE	-1.000000	13715.928982			4	31	13715.928982,13845.017161,13959.018425,14073.041835,14242.214590,	7,7,6,6,5,
146	1	0.498524				WPPE	-1.000000	13715.858431			4	31	13715.858431,13845.017161,13959.018425,14073.041835,14242.214590,	7,7,6,6,5,
147	1	0.498524				WPNE	-1.000000	13715.928982			4	31	13715.928982,13845.017161,13959.018425,14073.041835,14242.214590,	7,7,6,6,5,
148	1	0.498524				WPNE	-1.000000	13715.858431			4	31	13715.858431,13845.017161,13959.018425,14073.041835,14242.214590,	7,7,6,6,5,
149	1	0.498524				WPME	-1.000000	13715.928982			4	31	13715.928982,13845.017161,13959.018425,14073.041835,14242.214590,	7,7,6,6,5,
150	1	0.498524				WPME	-1.000000	13715.858431			4	31	13715.858431,13845.017161,13959.018425,14073.041835,14242.214590,	7,7,6,6,5,
151	1	0.498524				WNPE	-1.000000	13715.928982			4	31	13715.928982,13845.017161,13959.018425,14073.041835,14242.214590,	7,7,6,6,5,
152	1	0.498524				WNPE	-1.000000	13715.858431			4	31	13715.858431,13845.017161,13959.018425,14073.041835,14242.214590,	7,7,6,6,5,
153	1	0.498524				WNNE	-1.000000	13715.928982			4	31	13715.928982,13845.017161,13959.018425,14073.041835,14242.214590,	7,7,6,6,5,
154	1	0.498524				WNNE	-1.000000	13715.858431			4	31	13715.858431,13845.017161,13959.018425,14073.041835,14242.214590,	7,7,6,6,5,
155	1	0.498524				WNME	-1.000000	13715.928982			4	31	13715.928982,13845.017161,13959.018425,14073.041835,14242.214590,	7,7,6,6,5,
156	1	0.498524				WNME	-1.000000	13715.858431			4	31	13715.858431,13845.017161,13959.018425,14073.041835,14242.214590,	7,7,6,6,5,
157	1	0.498524				WMPE	-1.000000	13715.928982			4	31	13715.928982,13845.017161,13959.018425,14073.041835,14242.214590,	7,7,6,6,5,
158	1	0.498524				WMPE	-1.000000	13715.858431			4	31	13715.858431,13845.017161,13959.018425,14073.041835,14242.214590,	7,7,6,6,5,
159	1	0.498524				WMNE	-1.000000	13715.928982			4	31	13715.928982,13845.017161,13959.018425,14073.041835,14242.214590,	7,7,6,6,5,
160	1	0.498524				WMNE	-1.000000	13715.858431			4	31	13715.858431,13845.017161,13959.018425,14073.041835,14242.214590,	7,7,6,6,5,
161	1	0.498524				WMME	-1.000000	13715.928982			4	31	13715.928982,13845.017161,13959.018425,14073.041835,14242.214590,	7,7,6,6,5,
162	1	0.498524				WMME	-1.000000	13715.858431			4	31	13715.858431,13845.017161,13959.018425,14073.041835,14242.214590,	7,7,6,6,5,
163	1	0.498524				WGQY	11853.974956	-1.000000			4	35	12405.188880,12225.053653,12097.016351,12040.030263,11853.974956,	6,7,7,8,7,
165	1	0.498524				WGKY	11853.974956	-1.000000			4	35	12405.188880,12225.053653,12097.016351,12040.030263,11853.974956,	6,7,7,8,7,
166	1	0.498524				WGKG	11853.974956	-1.000000			4	36	12282.080249,12225.053653,12097.016351,12040.030263,11853.974956,	7,7,7,8,7,
167	1	0.498524				WDSG	11853.974956	-1.000000			4	34	12282.080249,12225.053653,12137.913250,12040.030263,11853.974956,	7,7,5,8,7,
168	1	0.498524				WAAS	12714.448780	-1.000000			4	31	13146.485626,13059.489115,12988.474668,12900.428947,12714.448780,	5,7,7,7,5,
170	1	0.498524				VSGY	968.504209	-1.000000			4	37	1374.684310,1211.622894,1154.605686,1067.573045,968.504209,	5,8,8,8,8,
171	1	0.498524				VSGG	968.504209	-1.000000			4	39	1251.608070,1211.622894,1154.605686,1067.573045,968.504209,	7,8,8,8,8,
172	1	0.498524				VSAA	12714.448780	-1.000000			4	32	13059.489115,12988.474668,12900.528328,12813.547217,12714.448780,	7,7,7,6,5,
173	1	0.498524				TWSA	12613.350679	-1.000000			4	32	13041.603979,12987.484989,12900.428947,12714.448780,12613.350679,	6,7,7,5,7,
174	1	0.498524				TWSA	12613.282767	-1.000000			4	32	13041.603979,12987.484989,12900.428947,12714.448780,12613.282767,	6,7,7,5,7,
175	1	0.498524				TWAA	12613.350679	-1.000000			4	33	13059.489115,12988.474668,12900.428947,12714.448780,12613.350679,	7,7,7,5,7,
176	1	0.498524				TWAA	12613.282767	-1.000000			4	33	13059.489115,12988.474668,12900.428947,12714.448780,12613.282767,	7,7,7,5,7,
177	1	0.498524				TVSY	12613.350679	-1.000000			4	30	13080.559179,12900.528328,12813.547217,12714.448780,12613.350679,	5,7,6,5,7,
178	1	0.498524				TVSY	12613.282767	-1.000000			4	30	13080.559179,12900.528328,12813.547217,12714.448780,12613.282767,	5,7,6,5,7,
182	1	0.498524				TVSA	12613.350679	-1.000000			4	32	12988.474668,12900.528328,12813.547217,12714.448780,12613.350679,	7,7,6,5,7,
183	1	0.498524				TVSA	12613.282767	-1.000000			4	32	12988.474668,12900.528328,12813.547217,12714.448780,12613.282767,	7,7,6,5,7,
184	1	0.498524				TSVS	-1.000000	881.473779			4	37	881.473779,968.504209,1067.573045,1154.605686,1255.648786,	8,8,8,8,5,
185	1	0.498524				TSVS	-1.000000	881.468212			4	36	881.468212,968.504209,1067.573045,1154.605686,1255.648786,	7,8,8,8,5,
186	1	0.498524				TSVF	-1.000000	838.466182			4	36	838.466182,968.504209,1067.573045,1154.605686,1255.648786,	7,8,8,8,5,
187	1	0.498524				TSVD	-1.000000	836.450626			4	34	836.450626,968.504209,1067.573045,1154.605686,1255.648786,	5,8,8,8,5,
188	1	0.498524				TSPT	14629.446400	-1.000000			4	32	15032.580362,14931.537078,14817.470017,14730.414499,14629.446400,	6,6,7,7,6,
189	1	0.498524				TSNT	14629.446400	-1.000000			4	32	15032.580362,14931.537078,14817.470017,14730.414499,14629.446400,	6,6,7,7,6,
190	1	0.498524				TSMT	14629.446400	-1.000000			4	32	15032.580362,14931.537078,14817.470017,14730.414499,14629.446400,	6,6,7,7,6,
191	1	0.498524				TSLT	14629.446400	-1.000000			4	30	15031.591046,14930.624645,14817.470017,14730.414499,14629.446400,	5,5,7,7,6,
192	1	0.498524				TSLN	-1.000000	823.405393			4	37	823.405393,937.452142,1067.573045,1154.605686,1255.648786,	8,8,8,8,5,
193	1	0.498524				TSIT	14629.446400	-1.000000			4	30	15031.591046,14930.624645,14817.470017,14730.414499,14629.446400,	5,5,7,7,6,
194	1	0.498524				TSIN	-1.000000	823.405393			4	37	823.405393,937.452142,1067.573045,1154.605686,1255.648786,	8,8,8,8,5,
196	1	0.498524				TPST	-1.000000	14629.446400			4	32	14629.446400,14730.414499,14817.470017,14931.537078,15032.580362,	6,7,7,6,6,
197	1	0.498524				TPCT	-1.000000	14630.373742			4	31	14630.373742,14731.568615,14817.470017,14931.537078,15032.580362,	6,6,7,6,6,
198	1	0.498524				TNST	-1.000000	14629.446400			4	32	14629.446400,14730.414499,14817.470017,14931.537078,15032.580362,	6,7,7,6,6,
199	1	0.498524				TNCT	-1.000000	14630.373742			4	31	14630.373742,14731.568615,14817.470017,14931.537078,15032.580362,	6,6,7,6,6,
200	1	0.498524				TMST	-1.000000	14629.446400			4	32	14629.446400,14730.414499,14817.470017,14931.537078,15032.580362,	6,7,7,6,6,
201	1	0.498524				TMCT	-1.000000	14630.373742			4	31	14630.373742,14731.568615,14817.470017,14931.537078,15032.580362,	6,6,7,6,6,
203	1	0.498524				TLCT	-1.000000	14630.373742			4	29	14630.373742,14731.568615,14817.470017,14930.624645,15031.591046,	6,6,7,5,5,
205	1	0.498524				TICT	-1.000000	14630.373742			4	29	14630.373742,14731.568615,14817.470017,14930.624645,15031.591046,	6,6,7,5,5,
206	1	0.498524				TGSG	-1.000000	12097.934523			4	32	12097.934523,12137.913250,12225.053653,12282.080249,12383.098233,	6,5,7,7,7,
207	1	0.498524				TGSD	-1.000000	12040.030263			4	34	12040.030263,12137.913250,12225.053653,12282.080249,12383.098233,	8,5,7,7,7,
208	1	0.498524				TGQG	-1.000000	12040.030263			4	36	12040.030263,12097.016351,12225.053653,12282.080249,12383.098233,	8,7,7,7,7,
209	1	0.498524				TGNF	-1.000000	10683.064207			4	29	10683.064207,10830.166283,10944.104709,11001.213966,11102.262953,	6,5,7,5,6,
210	1	0.498524				TGMF	-1.000000	10683.064207			4	29	10683.064207,10830.166283,10944.104709,11001.213966,11102.262953,	6,5,7,5,6,
211	1	0.498524				TGKG	-1.000000	12040.030263			4	36	12040.030263,12097.016351,12225.053653,12282.080249,12383.098233,	8,7,7,7,7,
212	1	0.498524				TGGS	-1.000000	14730.414499			4	33	14730.414499,14817.470017,14874.543129,14931.537078,15032.580362,	7,7,7,6,6,
213	1	0.498524				TGGC	-1.000000	14731.568615			4	32	14731.568615,14817.470017,14874.543129,14931.537078,15032.580362,	6,7,7,6,6,
214	1	0.498524				TGGC	-1.000000	14731.473503			4	31	14731.473503,14817.470017,14874.543129,14931.537078,15032.580362,	5,7,7,6,6,
215	1	0.498524				TDAS	12596.295646	-1.000000			4	31	12987.484989,12900.388050,12812.363824,12697.394602,12596.295646,	7,7,7,5,5,
216	1	0.498524				TCPT	14630.373742	-1.000000			4	31	15032.580362,14931.537078,14817.470017,14731.568615,14630.373742,	6,6,7,6,6,
217	1	0.498524				TCNT	14630.373742	-1.000000			4	31	15032.580362,14931.537078,14817.470017,14731.568615,14630.373742,	6,6,7,6,6,
218	1	0.498524				TCMT	14630.373742	-1.000000			4	31	15032.580362,14931.537078,14817.470017,14731.568615,14630.373742,	6,6,7,6,6,
219	1	0.498524				TCLT	14630.373742	-1.000000			4	29	15031.591046,14930.624645,14817.470017,14731.568615,14630.373742,	5,5,7,6,6,
220	1	0.498524				TCIT	14630.373742	-1.000000			4	29	15031.591046,14930.624645,14817.470017,14731.568615,14630.373742,	5,5,7,6,6,
221	1	0.498524				TCGG	14630.373742	-1.000000			4	32	14931.537078,14874.543129,14817.470017,14731.568615,14630.373742,	6,7,7,6,6,
222	1	0.498524				SYHS	12689.169475	-1.000000			4	29	13146.485626,13059.489115,12922.413482,12776.263173,12689.169475,	5,7,6,5,6,
223	1	0.498524				SVST	881.473779	-1.000000			4	37	1255.648786,1154.605686,1067.573045,968.504209,881.473779,	5,8,8,8,8,
224	1	0.498524				SVST	881.468212	-1.000000			4	36	1255.648786,1154.605686,1067.573045,968.504209,881.468212,	5,8,8,8,7,
227	1	0.498524				STSP	14542.283697	-1.000000			4	31	14931.537078,14817.470017,14730.414499,14629.446400,14542.283697,	6,7,7,6,5,
228	1	0.498524				STSN	14542.283697	-1.000000			4	31	14931.537078,14817.470017,14730.414499,14629.446400,14542.283697,	6,7,7,6,5,
229	1	0.498524				STSM	14542.283697	-1.000000			4	31	14931.537078,14817.470017,14730.414499,14629.446400,14542.283697,	6,7,7,6,5,
230	1	0.498524				STSL	14542.283697	-1.000000			4	30	14930.624645,14817.470017,14730.414499,14629.446400,14542.283697,	5,7,7,6,5,
231	1	0.498524				STSI	14542.283697	-1.000000			4	30	14930.624645,14817.470017,14730.414499,14629.446400,14542.283697,	5,7,7,6,5,
233	1	0.498524				STQR	14542.283697	-1.000000			4	28	15031.591046,14875.449645,14730.414499,14629.446400,14542.283697,	5,5,7,6,5,
234	1	0.498524				STKR	14542.283697	-1.000000			4	28	15031.591046,14875.449645,14730.414499,14629.446400,14542.283697,	5,5,7,6,5,
235	1	0.498524				SSVT	-1.000000	12613.350679			4	32	12613.350679,12714.448780,12813.547217,12900.528328,12987.484989,	7,5,6,7,7,
236	1	0.498524				SSVT	-1.000000	12613.282767			4	32	12613.282767,12714.448780,12813.547217,12900.528328,12987.484989,	7,5,6,7,7,
237	1	0.498524				SSVT	-1.000000	12596.295646			4	30	12596.295646,12697.394602,12813.547217,12900.528328,12987.484989,	5,5,6,7,7,
238	1	0.498524				SNLS	736.373037	-1.000000			4	40	1154.605686,1067.573045,937.452142,823.405393,736.373037,	8,8,8,8,8,
239	1	0.498524				SNIS	736.373037	-1.000000			4	40	1154.605686,1067.573045,937.452142,823.405393,736.373037,	8,8,8,8,8,
240	1	0.498524				SLNS	-1.000000	736.373037			4	40	736.373037,823.405393,937.452142,1067.573045,1154.605686,	8,8,8,8,8,
241	1	0.498524				SINS	-1.000000	736.373037			4	40	736.373037,823.405393,937.452142,1067.573045,1154.605686,	8,8,8,8,8,
242	1	0.498524				SHYY	-1.000000	12613.282767			4	30	12613.282767,12776.263173,12922.413482,13059.489115,13146.485626,	7,5,6,7,5,
243	1	0.498524				SHYS	-1.000000	12689.169475			4	29	12689.169475,12776.263173,12922.413482,13059.489115,13146.485626,	6,5,6,7,5,
244	1	0.498524				SHEY	-1.000000	12613.282767			4	30	12613.282767,12776.263173,12922.413482,13059.489115,13146.485626,	7,5,6,7,5,
245	1	0.498524				SHES	-1.000000	12689.169475			4	29	12689.169475,12776.263173,12922.413482,13059.489115,13146.485626,	6,5,6,7,5,
246	1	0.498524				SHCF	-1.000000	12689.169475			4	31	12689.169475,12836.324847,12922.413482,13059.489115,13146.485626,	6,7,6,7,5,
247	1	0.498524				SGYP	1067.573045	-1.000000			4	35	1488.758487,1374.684310,1211.622894,1154.605686,1067.573045,	6,5,8,8,8,
248	1	0.498524				SGYE	1067.573045	-1.000000			4	34	1520.764457,1374.684310,1211.622894,1154.605686,1067.573045,	5,5,8,8,8,
250	1	0.498524				SFRD	-1.000000	6427.126294			4	30	6427.126294,6542.143343,6698.261114,6845.283775,6932.361381,	7,7,5,6,5,
251	1	0.498524				SEHS	12689.169475	-1.000000			4	29	13146.485626,13059.489115,12922.413482,12776.263173,12689.169475,	5,7,6,5,6,
252	1	0.498524				SADT	-1.000000	12596.295646			4	31	12596.295646,12697.394602,12812.363824,12900.388050,12987.484989,	5,5,7,7,7,
253	1	0.498524				SAAW	-1.000000	12714.448780			4	31	12714.448780,12900.428947,12988.474668,13059.489115,13146.485626,	5,7,7,7,5,
254	1	0.498524				SAAS	12813.547217	-1.000000			4	32	13146.485626,13059.489115,12988.474668,12900.528328,12813.547217,	5,7,7,7,6,
255	1	0.498524				SAAS	-1.000000	12813.547217			4	32	12813.547217,12900.528328,12988.474668,13059.489115,13146.485626,	6,7,7,7,5,
256	1	0.498524				RRQF	-1.000000	7007.564578			4	28	7007.564578,7154.643677,7282.687186,7455.796674,7611.920993,	6,5,5,7,5,
257	1	0.498524				RRKF	-1.000000	7007.564578			4	28	7007.564578,7154.643677,7282.687186,7455.796674,7611.920993,	6,5,5,7,5,
258	1	0.498524				RQTS	-1.000000	14542.283697			4	28	14542.283697,14629.446400,14730.414499,14875.449645,15031.591046,	5,6,7,5,5,
259	1	0.498524				RKTS	-1.000000	14542.283697			4	28	14542.283697,14629.446400,14730.414499,14875.449645,15031.591046,	5,6,7,5,5,
261	1	0.498524				PYGS	-1.000000	1067.573045			4	35	1067.573045,1154.605686,1211.622894,1374.684310,1488.758487,	8,8,8,5,6,
262	1	0.498524				PSTS	-1.000000	14542.283697			4	31	14542.283697,14629.446400,14730.414499,14817.470017,14931.537078,	5,6,7,7,6,
263	1	0.498524				NSYH	12558.107913	-1.000000			4	31	13059.489115,12922.413482,12776.263173,12689.169475,12558.107913,	7,6,5,6,7,
264	1	0.498524				NSTS	-1.000000	14542.283697			4	31	14542.283697,14629.446400,14730.414499,14817.470017,14931.537078,	5,6,7,7,6,
265	1	0.498524				NSLG	11342.379326	-1.000000			4	31	11713.550756,11656.551811,11543.574592,11473.525412,11342.379326,	7,5,7,6,6,
266	1	0.498524				NSIG	11342.379326	-1.000000			4	31	11713.550756,11656.551811,11543.574592,11473.525412,11342.379326,	7,5,7,6,6,
267	1	0.498524				NSEH	12558.107913	-1.000000			4	31	13059.489115,12922.413482,12776.263173,12689.169475,12558.107913,	7,6,5,6,7,
268	1	0.498524				NLST	823.405393	-1.000000			4	37	1255.648786,1154.605686,1067.573045,937.452142,823.405393,	5,8,8,8,8,
269	1	0.498524				NLSG	823.405393	-1.000000			4	40	1211.622894,1154.605686,1067.573045,937.452142,823.405393,	8,8,8,8,8,
270	1	0.498524				NIST	823.405393	-1.000000			4	37	1255.648786,1154.605686,1067.573045,937.452142,823.405393,	5,8,8,8,8,
271	1	0.498524				NISG	823.405393	-1.000000			4	40	1211.622894,1154.605686,1067.573045,937.452142,823.405393,	8,8,8,8,8,
272	1	0.498524				NFCH	12558.107913	-1.000000			4	33	13059.489115,12922.413482,12836.324847,12689.169475,12558.107913,	7,6,7,6,7,
273	1	0.498524				MSYH	12558.107913	-1.000000			4	31	13059.489115,12922.413482,12776.263173,12689.169475,12558.107913,	7,6,5,6,7,
274	1	0.498524				MSTS	-1.000000	14542.283697			4	31	14542.283697,14629.446400,14730.414499,14817.470017,14931.537078,	5,6,7,7,6,
275	1	0.498524				MSLG	11342.379326	-1.000000			4	31	11713.550756,11656.551811,11543.574592,11473.525412,11342.379326,	7,5,7,6,6,
276	1	0.498524				MSIG	11342.379326	-1.000000			4	31	11713.550756,11656.551811,11543.574592,11473.525412,11342.379326,	7,5,7,6,6,
277	1	0.498524				MSEH	12558.107913	-1.000000			4	31	13059.489115,12922.413482,12776.263173,12689.169475,12558.107913,	7,6,5,6,7,
278	1	0.498524				MFCH	12558.107913	-1.000000			4	33	13059.489115,12922.413482,12836.324847,12689.169475,12558.107913,	7,6,7,6,7,
279	1	0.498524				LSYH	12576.184245	-1.000000			4	29	13059.489115,12922.413482,12776.263173,12689.169475,12576.184245,	7,6,5,6,5,
280	1	0.498524				LSYH	12576.079064	-1.000000			4	31	13059.489115,12922.413482,12776.263173,12689.169475,12576.079064,	7,6,5,6,7,
281	1	0.498524				LSTS	-1.000000	14542.283697			4	30	14542.283697,14629.446400,14730.414499,14817.470017,14930.624645,	5,6,7,7,5,
282	1	0.498524				LSGY	937.452142	-1.000000			4	37	1374.684310,1211.622894,1154.605686,1067.573045,937.452142,	5,8,8,8,8,
283	1	0.498524				LSEH	12576.184245	-1.000000			4	29	13059.489115,12922.413482,12776.263173,12689.169475,12576.184245,	7,6,5,6,5,
284	1	0.498524				LSEH	12576.079064	-1.000000			4	31	13059.489115,12922.413482,12776.263173,12689.169475,12576.079064,	7,6,5,6,7,
285	1	0.498524				LNSE	-1.000000	607.331343			4	40	607.331343,736.373037,823.405393,937.452142,1067.573045,	8,8,8,8,8,
286	1	0.498524				LFCH	12576.184245	-1.000000			4	31	13059.489115,12922.413482,12836.324847,12689.169475,12576.184245,	7,6,7,6,5,
287	1	0.498524				LFCH	12576.079064	-1.000000			4	33	13059.489115,12922.413482,12836.324847,12689.169475,12576.079064,	7,6,7,6,7,
288	1	0.498524				ISYH	12576.184245	-1.000000			4	29	13059.489115,12922.413482,12776.263173,12689.169475,12576.184245,	7,6,5,6,5,
289	1	0.498524				ISYH	12576.079064	-1.000000			4	31	13059.489115,12922.413482,12776.263173,12689.169475,12576.079064,	7,6,5,6,7,
290	1	0.498524				ISTS	-1.000000	14542.283697			4	30	14542.283697,14629.446400,14730.414499,14817.470017,14930.624645,	5,6,7,7,5,
291	1	0.498524				ISGY	937.452142	-1.000000			4	37	1374.684310,1211.622894,1154.605686,1067.573045,937.452142,	5,8,8,8,8,
292	1	0.498524				ISEH	12576.184245	-1.000000			4	29	13059.489115,12922.413482,12776.263173,12689.169475,12576.184245,	7,6,5,6,5,
293	1	0.498524				ISEH	12576.079064	-1.000000			4	31	13059.489115,12922.413482,12776.263173,12689.169475,12576.079064,	7,6,5,6,7,
294	1	0.498524				INSE	-1.000000	607.331343			4	40	607.331343,736.373037,823.405393,937.452142,1067.573045,	8,8,8,8,8,
295	1	0.498524				IFCH	12576.184245	-1.000000			4	31	13059.489115,12922.413482,12836.324847,12689.169475,12576.184245,	7,6,7,6,5,
296	1	0.498524				IFCH	12576.079064	-1.000000			4	33	13059.489115,12922.413482,12836.324847,12689.169475,12576.079064,	7,6,7,6,7,
297	1	0.498524				HYSN	-1.000000	12558.107913			4	31	12558.107913,12689.169475,12776.263173,12922.413482,13059.489115,	7,6,5,6,7,
298	1	0.498524				HYSM	-1.000000	12558.107913			4	31	12558.107913,12689.169475,12776.263173,12922.413482,13059.489115,	7,6,5,6,7,
299	1	0.498524				HYSL	-1.000000	12576.184245			4	29	12576.184245,12689.169475,12776.263173,12922.413482,13059.489115,	5,6,5,6,7,
300	1	0.498524				HYSL	-1.000000	12576.079064			4	31	12576.079064,12689.169475,12776.263173,12922.413482,13059.489115,	7,6,5,6,7,
301	1	0.498524				HYSI	-1.000000	12576.184245			4	29	12576.184245,12689.169475,12776.263173,12922.413482,13059.489115,	5,6,5,6,7,
302	1	0.498524				HYSI	-1.000000	12576.079064			4	31	12576.079064,12689.169475,12776.263173,12922.413482,13059.489115,	7,6,5,6,7,
303	1	0.498524				HESN	-1.000000	12558.107913			4	31	12558.107913,12689.169475,12776.263173,12922.413482,13059.489115,	7,6,5,6,7,
304	1	0.498524				HESM	-1.000000	12558.107913			4	31	12558.107913,12689.169475,12776.263173,12922.413482,13059.489115,	7,6,5,6,7,
305	1	0.498524				HESL	-1.000000	12576.184245			4	29	12576.184245,12689.169475,12776.263173,12922.413482,13059.489115,	5,6,5,6,7,
306	1	0.498524				HESL	-1.000000	12576.079064			4	31	12576.079064,12689.169475,12776.263173,12922.413482,13059.489115,	7,6,5,6,7,
307	1	0.498524				HESI	-1.000000	12576.184245			4	29	12576.184245,12689.169475,12776.263173,12922.413482,13059.489115,	5,6,5,6,7,
308	1	0.498524				HESI	-1.000000	12576.079064			4	31	12576.079064,12689.169475,12776.263173,12922.413482,13059.489115,	7,6,5,6,7,
309	1	0.498524				HCFN	-1.000000	12558.107913			4	33	12558.107913,12689.169475,12836.324847,12922.413482,13059.489115,	7,6,7,6,7,
310	1	0.498524				HCFM	-1.000000	12558.107913			4	33	12558.107913,12689.169475,12836.324847,12922.413482,13059.489115,	7,6,7,6,7,
311	1	0.498524				HCFL	-1.000000	12576.184245			4	31	12576.184245,12689.169475,12836.324847,12922.413482,13059.489115,	5,6,7,6,7,
312	1	0.498524				HCFL	-1.000000	12576.079064			4	33	12576.079064,12689.169475,12836.324847,12922.413482,13059.489115,	7,6,7,6,7,
313	1	0.498524				HCFI	-1.000000	12576.184245			4	31	12576.184245,12689.169475,12836.324847,12922.413482,13059.489115,	5,6,7,6,7,
314	1	0.498524				HCFI	-1.000000	12576.079064			4	33	12576.079064,12689.169475,12836.324847,12922.413482,13059.489115,	7,6,7,6,7,
315	1	0.498524				GSVS	-1.000000	881.473779			4	40	881.473779,968.504209,1067.573045,1154.605686,1211.622894,	8,8,8,8,8,
316	1	0.498524				GSVS	-1.000000	881.468212			4	39	881.468212,968.504209,1067.573045,1154.605686,1211.622894,	7,8,8,8,8,
317	1	0.498524				GSVF	-1.000000	838.466182			4	39	838.466182,968.504209,1067.573045,1154.605686,1211.622894,	7,8,8,8,8,
318	1	0.498524				GSVD	-1.000000	836.450626			4	37	836.450626,968.504209,1067.573045,1154.605686,1211.622894,	5,8,8,8,8,
319	1	0.498524				GSTS	-1.000000	14542.283697			4	32	14542.283697,14629.446400,14730.414499,14817.470017,14874.543129,	5,6,7,7,7,
320	1	0.498524				GSLN	-1.000000	823.405393			4	40	823.405393,937.452142,1067.573045,1154.605686,1211.622894,	8,8,8,8,8,
321	1	0.498524				GSIN	-1.000000	823.405393			4	40	823.405393,937.452142,1067.573045,1154.605686,1211.622894,	8,8,8,8,8,
322	1	0.498524				GSGT	12097.934523	-1.000000			4	32	12383.098233,12282.080249,12225.053653,12137.913250,12097.934523,	7,7,7,5,6,
323	1	0.498524				GSFR	-1.000000	6542.143343			4	29	6542.143343,6698.261114,6845.283775,6932.361381,6989.396496,	7,5,6,5,6,
324	1	0.498524				GSDW	-1.000000	11853.974956			4	34	11853.974956,12040.030263,12137.913250,12225.053653,12282.080249,	7,8,5,7,7,
327	1	0.498524				GNSE	-1.000000	607.331343			4	40	607.331343,736.373037,823.405393,937.452142,994.465742,	8,8,8,8,8,
328	1	0.498524				GLSN	-1.000000	11342.379326			4	31	11342.379326,11473.525412,11543.574592,11656.551811,11713.550756,	6,6,7,5,7,
329	1	0.498524				GLSM	-1.000000	11342.379326			4	31	11342.379326,11473.525412,11543.574592,11656.551811,11713.550756,	6,6,7,5,7,
330	1	0.498524				GKGW	-1.000000	11853.974956			4	36	11853.974956,12040.030263,12097.016351,12225.053653,12282.080249,	7,8,7,7,7,
331	1	0.498524				GKGT	12040.030263	-1.000000			4	36	12383.098233,12282.080249,12225.053653,12097.016351,12040.030263,	7,7,7,7,8,
332	1	0.498524				GISN	-1.000000	11342.379326			4	31	11342.379326,11473.525412,11543.574592,11656.551811,11713.550756,	6,6,7,5,7,
333	1	0.498524				GISM	-1.000000	11342.379326			4	31	11342.379326,11473.525412,11543.574592,11656.551811,11713.550756,	6,6,7,5,7,
335	1	0.498524				GGST	-1.000000	14629.446400			4	33	14629.446400,14730.414499,14817.470017,14874.543129,14931.537078,	6,7,7,7,6,
336	1	0.498524				GGCT	-1.000000	14630.373742			4	32	14630.373742,14731.568615,14817.470017,14874.543129,14931.537078,	6,6,7,7,6,
337	1	0.498524				FVST	838.466182	-1.000000			4	36	1255.648786,1154.605686,1067.573045,968.504209,838.466182,	5,8,8,8,7,
338	1	0.498524				FVSG	838.466182	-1.000000			4	39	1211.622894,1154.605686,1067.573045,968.504209,838.466182,	8,8,8,8,7,
339	1	0.498524				FQRR	7007.564578	-1.000000			4	28	7611.920993,7455.796674,7282.687186,7154.643677,7007.564578,	5,7,5,5,6,
340	1	0.498524				FNGT	10683.064207	-1.000000			4	29	11102.262953,11001.213966,10944.104709,10830.166283,10683.064207,	6,5,7,5,6,
341	1	0.498524				FMGT	10683.064207	-1.000000			4	29	11102.262953,11001.213966,10944.104709,10830.166283,10683.064207,	6,5,7,5,6,
342	1	0.498524				FKRR	7007.564578	-1.000000			4	28	7611.920993,7455.796674,7282.687186,7154.643677,7007.564578,	5,7,5,5,6,
343	1	0.498524				FCHS	12689.169475	-1.000000			4	31	13146.485626,13059.489115,12922.413482,12836.324847,12689.169475,	5,7,6,7,6,
344	1	0.498524				EYGS	-1.000000	1067.573045			4	34	1067.573045,1154.605686,1211.622894,1374.684310,1520.764457,	8,8,8,5,5,
345	1	0.498524				ESNL	607.331343	-1.000000			4	40	1067.573045,937.452142,823.405393,736.373037,607.331343,	8,8,8,8,8,
346	1	0.498524				ESNI	607.331343	-1.000000			4	40	1067.573045,937.452142,823.405393,736.373037,607.331343,	8,8,8,8,8,
347	1	0.498524				ESNG	607.331343	-1.000000			4	40	994.465742,937.452142,823.405393,736.373037,607.331343,	8,8,8,8,8,
348	1	0.498524				ESND	607.331343	-1.000000			4	39	1052.477772,937.452142,823.405393,736.373037,607.331343,	7,8,8,8,8,
349	1	0.498524				EPPW	13715.928982	-1.000000			4	31	14242.214590,14073.041835,13959.018425,13845.017161,13715.928982,	5,6,6,7,7,
350	1	0.498524				EPPW	13715.858431	-1.000000			4	31	14242.214590,14073.041835,13959.018425,13845.017161,13715.858431,	5,6,6,7,7,
351	1	0.498524				EPNW	13715.928982	-1.000000			4	31	14242.214590,14073.041835,13959.018425,13845.017161,13715.928982,	5,6,6,7,7,
352	1	0.498524				EPNW	13715.858431	-1.000000			4	31	14242.214590,14073.041835,13959.018425,13845.017161,13715.858431,	5,6,6,7,7,
353	1	0.498524				EPMW	13715.928982	-1.000000			4	31	14242.214590,14073.041835,13959.018425,13845.017161,13715.928982,	5,6,6,7,7,
354	1	0.498524				EPMW	13715.858431	-1.000000			4	31	14242.214590,14073.041835,13959.018425,13845.017161,13715.858431,	5,6,6,7,7,
355	1	0.498524				ENPW	13715.928982	-1.000000			4	31	14242.214590,14073.041835,13959.018425,13845.017161,13715.928982,	5,6,6,7,7,
356	1	0.498524				ENPW	13715.858431	-1.000000			4	31	14242.214590,14073.041835,13959.018425,13845.017161,13715.858431,	5,6,6,7,7,
357	1	0.498524				ENNW	13715.928982	-1.000000			4	31	14242.214590,14073.041835,13959.018425,13845.017161,13715.928982,	5,6,6,7,7,
358	1	0.498524				ENNW	13715.858431	-1.000000			4	31	14242.214590,14073.041835,13959.018425,13845.017161,13715.858431,	5,6,6,7,7,
359	1	0.498524				ENMW	13715.928982	-1.000000			4	31	14242.214590,14073.041835,13959.018425,13845.017161,13715.928982,	5,6,6,7,7,
360	1	0.498524				ENMW	13715.858431	-1.000000			4	31	14242.214590,14073.041835,13959.018425,13845.017161,13715.858431,	5,6,6,7,7,
361	1	0.498524				EMPW	13715.928982	-1.000000			4	31	14242.214590,14073.041835,13959.018425,13845.017161,13715.928982,	5,6,6,7,7,
362	1	0.498524				EMPW	13715.858431	-1.000000			4	31	14242.214590,14073.041835,13959.018425,13845.017161,13715.858431,	5,6,6,7,7,
363	1	0.498524				EMNW	13715.928982	-1.000000			4	31	14242.214590,14073.041835,13959.018425,13845.017161,13715.928982,	5,6,6,7,7,
364	1	0.498524				EMNW	13715.858431	-1.000000			4	31	14242.214590,14073.041835,13959.018425,13845.017161,13715.858431,	5,6,6,7,7,
365	1	0.498524				EMMW	13715.928982	-1.000000			4	31	14242.214590,14073.041835,13959.018425,13845.017161,13715.928982,	5,6,6,7,7,
366	1	0.498524				EMMW	13715.858431	-1.000000			4	31	14242.214590,14073.041835,13959.018425,13845.017161,13715.858431,	5,6,6,7,7,
367	1	0.498524				DVST	836.450626	-1.000000			4	34	1255.648786,1154.605686,1067.573045,968.504209,836.450626,	5,8,8,8,5,
368	1	0.498524				DVSG	836.450626	-1.000000			4	37	1211.622894,1154.605686,1067.573045,968.504209,836.450626,	8,8,8,8,5,
369	1	0.498524				DSGT	12040.030263	-1.000000			4	34	12383.098233,12282.080249,12225.053653,12137.913250,12040.030263,	7,7,7,5,8,
371	1	0.498524				DNSE	-1.000000	607.331343			4	39	607.331343,736.373037,823.405393,937.452142,1052.477772,	8,8,8,8,7,
372	1	0.498524				CGGT	14731.568615	-1.000000			4	32	15032.580362,14931.537078,14874.543129,14817.470017,14731.568615,	6,6,7,7,6,
373	1	0.498524				CGGT	14731.473503	-1.000000			4	31	15032.580362,14931.537078,14874.543129,14817.470017,14731.473503,	6,6,7,7,5,
374	1	0.498524				ASWT	-1.000000	12613.350679			4	32	12613.350679,12714.448780,12900.428947,12987.484989,13041.603979,	7,5,7,7,6,
375	1	0.498524				ASWT	-1.000000	12613.282767			4	32	12613.282767,12714.448780,12900.428947,12987.484989,13041.603979,	7,5,7,7,6,
376	1	0.498524				ASVT	-1.000000	12613.350679			4	32	12613.350679,12714.448780,12813.547217,12900.528328,12988.474668,	7,5,6,7,7,
377	1	0.498524				ASVT	-1.000000	12613.282767			4	32	12613.282767,12714.448780,12813.547217,12900.528328,12988.474668,	7,5,6,7,7,
378	1	0.498524				ASSV	-1.000000	12714.448780			4	31	12714.448780,12813.547217,12900.528328,12987.484989,13041.603979,	5,6,7,7,6,
379	1	0.498524				AAWT	-1.000000	12613.350679			4	33	12613.350679,12714.448780,12900.428947,12988.474668,13059.489115,	7,5,7,7,7,
380	1	0.498524				AAWT	-1.000000	12613.282767			4	33	12613.282767,12714.448780,12900.428947,12988.474668,13059.489115,	7,5,7,7,7,
381	1	0.498524				AASV	-1.000000	12714.448780			4	32	12714.448780,12813.547217,12900.528328,12988.474668,13059.489115,	5,6,7,7,7,
